sphere_small.urdf, 2.6751059482910056, -3.153442031023501, 5.192755998843897, 2.5025324677733773
sphere_small.urdf, 21.498239075050446, 3.7861657062245726, 7.774781201139315, 1.9151181116751976
sphere_small.urdf, 57.97382383687817, 3.190826636196636, 9.254408899184128, 0.20193230521979644
sphere_small.urdf, 44.83649913428666, 9.639644222011977, 9.546652851141445, 0.30303341634267755
sphere_small.urdf, 35.49526604173903, 3.6628648320668447, 5.909716511193702, 2.9793440379215523
sphere_small.urdf, 47.54134904270444, -7.128593616246784, 3.5331671309092427, 1.5646908604322245
sphere_small.urdf, 48.41949400633578, -1.1427201033986485, 6.446689921848864, 0.19077443497319863
sphere_small.urdf, 37.80398698583896, -6.83704036025206, 7.735361481077407, 1.3585160736915713
sphere_small.urdf, 45.0142710834092, 6.568832395092926, 6.362397858681668, 0.8401380619912029
sphere_small.urdf, 38.802775403282446, -8.22595126530793, 9.727771480449023, 2.658817576399208
sphere_small.urdf, 18.219031132558598, 9.108941664714465, 2.7055184265108165, 0.7665444379841712
sphere_small.urdf, 2.91367847807261, -1.9593045565610048, 8.17628314101908, 0.2994846000898356
sphere_small.urdf, 57.830164456279135, -1.515419550675908, 8.529233095061402, 1.3826546809724733
sphere_small.urdf, 25.053999215321696, -6.794889474474202, 7.405799939072768, 2.899187381474716
sphere_small.urdf, 50.2557100584083, 2.7942300938516667, 1.9093172809406567, 2.4754824071699852
sphere_small.urdf, 10.808309800945853, 4.819587729721885, 8.945401643827966, 2.558411021866939
sphere_small.urdf, 22.03004479906826, 4.600021971361015, 2.91329733840352, 1.733570872441183
sphere_small.urdf, 50.72838354220693, 1.9438670362862336, 6.478897396933007, 2.6024844288008295
sphere_small.urdf, 50.26160308338566, 2.298400454073885, 6.989812568620025, 0.42414864328712676
sphere_small.urdf, 29.52948827458577, -9.347774946718904, 6.976215466185961, 0.9066785044475929
sphere_small.urdf, 32.47344141008105, -1.6666763909533948, 2.912972994300389, 2.654833009158249
sphere_small.urdf, 45.16564890489403, 9.492140145413071, 6.905378775652186, 1.9718716491935235
sphere_small.urdf, 50.66311950717506, -3.52068877237508, 5.653643216285467, 2.5176731648360033
sphere_small.urdf, 8.627673783608802, -5.930479921261044, 8.938785387245538, 2.2298746397291915
sphere_small.urdf, 10.377245774130497, 4.695838225466613, 9.312120885557722, 0.830223970960943
sphere_small.urdf, 3.4806958328585225, -8.070549174088482, 7.5578322312086685, 2.4517047744985714
sphere_small.urdf, 32.444035629975836, -5.381674525924433, 3.1368335511025713, 1.6759418804106785
sphere_small.urdf, 28.172808573040257, -8.244845638930725, 4.760631939768142, 1.132057932833226
sphere_small.urdf, 51.98898294293733, 6.392447616588548, 4.499223835980906, 2.7645829857780275
sphere_small.urdf, 25.34233203121349, 4.327564898138412, 3.4555819924958806, 0.7941365766199067
sphere_small.urdf, 30.33425897774932, 0.4721690957211333, 1.4544813369077536, 2.2783110522304377
sphere_small.urdf, 44.093604301000006, 7.854618333790718, 2.081785255124511, 0.4020202383853029
sphere_small.urdf, 8.131613708925489, 9.057633609029352, 1.4519521804475988, 2.217474977437393
sphere_small.urdf, 40.447410732212894, -5.47180298273624, 5.514082327594761, 2.507223357992013
sphere_small.urdf, 4.626404634026109, -9.763505339630392, 4.7646938905081715, 0.6053111097278315
sphere_small.urdf, 42.618694194693376, -8.280004837826855, 9.531105377812754, 1.805413048323347
sphere_small.urdf, 37.34730855666237, -8.63259709777575, 3.6025243996939773, 0.9602158774357445
sphere_small.urdf, 47.00538437232965, 5.027904916814826, 2.2272244502412573, 0.7228080098663424
sphere_small.urdf, 50.74959091087451, -6.901228360681653, 4.808185687072878, 1.136505660918856
sphere_small.urdf, 49.562925329976316, -2.3957769115314598, 7.670859109836741, 2.7875477587943625
sphere_small.urdf, 17.973346849202752, -0.4767779874580409, 6.002378584787306, 0.21045827499493786
sphere_small.urdf, 43.09671641907031, -0.061983162498837174, 8.102614065856265, 0.621470657272929
sphere_small.urdf, 20.546225854776296, 4.719593646588594, 5.916708949162201, 1.9746610723692444
sphere_small.urdf, 0.9770983840924718, 8.542880437302813, 8.732541617143362, 2.432294327031061
sphere_small.urdf, 14.83320112758156, -7.930875938429414, 0.09492351013467681, 1.7807199772913744
sphere_small.urdf, 35.17291804069348, -0.7848889108485739, 7.503913546886828, 0.10334497666234238
sphere_small.urdf, 22.387147805111947, -1.6045814214872287, 1.4720032135623562, 2.0580530686487295
sphere_small.urdf, 58.60849541585304, -0.21261026294364171, 9.846453190811422, 0.8269713594133415
sphere_small.urdf, 38.59030208594494, 7.24884489508894, 6.689225987434302, 2.4158113126302565
sphere_small.urdf, 45.14464577201424, -5.093454614920024, 9.122371427629602, 1.7287260450767439
sphere_small.urdf, 27.765990503607867, -1.0504337487836146, 1.614944061140452, 0.9384957442714985
sphere_small.urdf, 52.04884032016356, 2.191195890895763, 5.524224644322292, 1.2096721287722865
sphere_small.urdf, 25.046748425601912, 0.4131439892211102, 5.256090917371643, 1.5492590663776629
sphere_small.urdf, 27.482625165589532, 0.4950545575432983, 3.164562102324294, 0.3219951841106312
sphere_small.urdf, 0.9282926831198246, -4.356817515687199, 7.933546545512006, 1.8696465869841856
sphere_small.urdf, 34.65659932862087, -0.48050254643477963, 0.03293514826878452, 1.4246494419079392
sphere_small.urdf, 25.49709840612336, -6.602059001564866, 8.118349929409346, 0.20413302602111566
sphere_small.urdf, 46.898013329028096, -9.341607794677314, 3.790306474263514, 1.1243149786919315
sphere_small.urdf, 21.760536096476013, 7.9725138252746, 6.457190316131339, 1.8576115815400445
sphere_small.urdf, 53.76461653029027, -8.713276459677488, 1.6091310046789187, 2.7760774145253824
sphere_small.urdf, 18.24043514231565, 6.729773822200762, 0.5079171595718013, 0.6595305812946216
sphere_small.urdf, 29.09340773696461, 1.5281110795881467, 3.646973589851561, 1.8875611466124798
sphere_small.urdf, 51.80547620623292, 4.606487770723042, 7.52293910227689, 2.7735858394946264
sphere_small.urdf, 55.16589130163344, -2.593933188605286, 8.894977411160415, 2.210287261129321
sphere_small.urdf, 54.34809770552925, 5.715055915618731, 7.298424946012444, 2.696763508444503
sphere_small.urdf, 26.067818575461235, -6.457717434354404, 9.006790702865665, 0.6892702359952017
sphere_small.urdf, 39.467237691134436, -8.411588187345536, 0.8299561111459197, 2.149325627262702
sphere_small.urdf, 7.357925452631138, 6.181473141823517, 5.270162353213261, 1.2522572739237314
sphere_small.urdf, 12.828010587789358, -0.07948385054168661, 0.0067350794263676406, 1.3110187613443565
sphere_small.urdf, 9.922115085339565, 2.1331596061089826, 7.752857829261265, 2.1362178375991387
sphere_small.urdf, 22.823750384472138, -7.36417145583776, 6.15882419130458, 2.0517881465324135
sphere_small.urdf, 29.88725146627853, 5.91876167184655, 8.229974603756052, 0.1440811050423254
sphere_small.urdf, 24.388281213547813, -8.044263298509957, 6.0583316578013875, 1.7905682435125514
sphere_small.urdf, 23.806507828051426, 4.598135548105626, 9.215411146364731, 0.7385769311693262
sphere_small.urdf, 52.589690241972754, -3.7211179819168123, 6.160888678857046, 0.2693762492847992
sphere_small.urdf, 44.15795771392731, 2.4266847465335353, 2.7254179478098326, 1.4622870128308398
sphere_small.urdf, 54.66444221926905, -0.7793152154047895, 0.7969469395060735, 0.23162523896189147
sphere_small.urdf, 48.679126321610745, 4.092480565724134, 2.899943448796768, 2.433726423583752
sphere_small.urdf, 9.950106812690203, 9.04626873503588, 3.407632143611216, 1.6697283860813974
sphere_small.urdf, 24.710703020174538, -5.134768994309407, 3.1776709301882655, 1.1312945340521723
sphere_small.urdf, 58.03841797609072, 2.367979348515373, 7.278188273691248, 2.2752689518553373
sphere_small.urdf, 11.142955328855749, -2.048379383133055, 0.7986305974705699, 1.2422289220027751
sphere_small.urdf, 38.8834348607632, -7.905088128404709, 1.9667241472858632, 2.526743908621637
sphere_small.urdf, 27.860429795539975, 9.319275471925327, 4.740024070168926, 1.0609927269337673
sphere_small.urdf, 36.89489668523421, -8.820633575162052, 4.625905461439212, 1.0842587756354023
sphere_small.urdf, 10.311895674535595, -3.933632226101227, 1.8318771288455449, 0.33625780055056065
sphere_small.urdf, 37.21494649732339, -0.8067915438766899, 4.180494049616858, 0.1250254170923778
sphere_small.urdf, 43.83768476590578, -0.3514476224600216, 4.629507097156492, 2.913327681025282
sphere_small.urdf, 7.5441947964002125, 5.47308630097322, 6.999589112350996, 0.11465138809751903
sphere_small.urdf, 32.588947690654805, -2.4558733279760814, 7.891505761014481, 1.8969512599404266
sphere_small.urdf, 46.73348373896624, 1.8332808411425834, 2.914129702804834, 0.9710148049654974
sphere_small.urdf, 10.285825321905005, 8.74151969495485, 8.519213322404953, 0.46086483646531584
sphere_small.urdf, 36.645646905906766, -4.693737040002846, 2.9012987599565756, 1.717455569894926
sphere_small.urdf, 39.741834984699764, -2.3856631469341654, 2.303396740148905, 2.3955486313952936
sphere_small.urdf, 55.61897596099444, 7.205808978983313, 2.4743862455949097, 0.6657758965255717
sphere_small.urdf, 54.02444583005595, 9.014592091476285, 9.217336135157133, 2.389505835317098
sphere_small.urdf, 42.10565752452271, 6.2659306138900135, 1.8871796920829387, 1.543675815252683
sphere_small.urdf, 45.72892237342881, -5.552327772215408, 5.6252008593049645, 0.950934924777985
sphere_small.urdf, 23.653814271379296, 4.904899669266721, 0.10387090408368382, 0.2979592486097282
sphere_small.urdf, 54.669247849681035, 0.0484667072549545, 2.8090000495211473, 0.4053800495090927
sphere_small.urdf, 50.64356580287513, 2.2769395260053535, 0.07792304283355533, 0.8878701559079335
sphere_small.urdf, 26.1527232275748, 0.26041473459196673, 5.40004112767348, 2.476318034594687
sphere_small.urdf, 36.55225384506624, -4.566790707284829, 8.163383835834194, 0.9682428173963474
sphere_small.urdf, 8.43132785868759, 7.256741866805555, 7.645563304098923, 2.745537768479024
sphere_small.urdf, 47.7083660148619, -7.599019706377355, 3.660657250313195, 2.2138185150133602
sphere_small.urdf, 31.45141619944495, 5.150966394399699, 7.91716699401568, 2.280115810924357
sphere_small.urdf, 40.35613593168618, 8.592748848501387, 1.3124901674535683, 0.117747418122369
sphere_small.urdf, 42.27295877306658, 2.195767825866268, 0.15697098944544519, 2.4806754215366245
sphere_small.urdf, 59.790146536160606, -6.210251816617578, 6.920783228147224, 0.549477270228571
sphere_small.urdf, 16.19931253571963, 7.405877215959098, 1.6584312004715673, 2.7424338604156167
sphere_small.urdf, 51.08404915224348, -4.112276766251219, 9.548307636691362, 1.279286435112533
sphere_small.urdf, 25.062779607979877, 9.912270014023811, 6.12942491238642, 2.925841757114212
sphere_small.urdf, 26.38190302915445, 8.650442605265503, 0.7840323523021031, 2.447356861492444
sphere_small.urdf, 11.135154589713077, 3.4325931006301325, 3.426691452800358, 1.6908727218342867
sphere_small.urdf, 41.149969044649595, -0.3416980462330592, 5.524673494737423, 1.429288631843529
sphere_small.urdf, 33.36890665944172, 1.6834459142714469, 9.435216238107252, 1.4616107506610339
sphere_small.urdf, 3.4384079515013077, -9.228996075645323, 5.29205257118308, 0.8551400394720833
sphere_small.urdf, 16.83656085520804, -0.11786828409047168, 0.16846353660258884, 2.3723572288536023
sphere_small.urdf, 44.335511447527544, -3.026755968347752, 2.9952869173701977, 2.591274728839724
sphere_small.urdf, 38.341633575308926, -4.829546596186249, 1.4367160880308705, 2.968118492407441
sphere_small.urdf, 51.547154117392964, -8.726142528600251, 4.226506260665808, 0.2590082688771218
sphere_small.urdf, 52.20881948653947, 6.410126973727188, 8.818788394847072, 1.7184613352660227
sphere_small.urdf, 28.19209537403472, -2.0816153879543524, 1.7307979958268538, 2.0896005532994875
sphere_small.urdf, 1.2363577579962715, -9.913269823204194, 8.581880043983922, 2.4429043314085823
sphere_small.urdf, 28.784948315867133, 7.507530089644501, 8.749058286435297, 2.043422171405278
sphere_small.urdf, 46.43585778145215, 3.4814500436414892, 0.7431955744225527, 0.513809268923506
sphere_small.urdf, 3.579767892109058, -4.106043739360683, 1.9627097667480897, 2.908418053214291
sphere_small.urdf, 18.768772884857054, 2.591120116259596, 8.710564110286867, 1.526402367263889
sphere_small.urdf, 5.561455101180441, -4.622948271231562, 6.8094419035946006, 1.6866282946316975
sphere_small.urdf, 57.08084386588233, 9.08878001664349, 2.077898794122394, 2.47306834035542
sphere_small.urdf, 25.6556447012017, -0.6890010576465126, 7.160240282626564, 0.7042951524696985
sphere_small.urdf, 45.02887769761197, 1.0412180950441279, 4.033963979467748, 0.25815938599885724
sphere_small.urdf, 8.657586087647706, -7.450095301478646, 0.21707200921404102, 0.41734875711208175
sphere_small.urdf, 4.577959214158431, -7.808341967121908, 2.39891135940678, 1.7878135712825327
sphere_small.urdf, 26.591279605550756, -6.915174944393665, 8.011458424652817, 2.450114920142626
sphere_small.urdf, 58.66081828882283, 2.2906848416687264, 7.881389667927906, 2.461563455581366
sphere_small.urdf, 7.605246148534803, -1.5592960390863713, 9.091623612828819, 0.1771026918965648
sphere_small.urdf, 43.264878272994395, -7.462879602731989, 2.889783177359002, 0.8713098053334389
sphere_small.urdf, 48.595145456957276, 4.08058019326692, 7.204009327670508, 2.9119023128364154
sphere_small.urdf, 15.415376807146991, -0.3688273550756964, 4.3288523178382405, 1.9244385697439248
sphere_small.urdf, 8.5375382716801, 2.4081763757763355, 0.6780409851370539, 0.3807728532651884
sphere_small.urdf, 10.985784378295557, 3.1827662604196743, 5.814100567104507, 0.9823939057569041
sphere_small.urdf, 57.50407165326621, -4.580815123753763, 1.9257927675448805, 1.2535295342689494
sphere_small.urdf, 3.0025705809669168, 7.846919494510345, 6.190607375651117, 1.1604985970617516
sphere_small.urdf, 56.50696636643592, 4.391611785991948, 4.825867429278191, 1.1315104919819046
sphere_small.urdf, 32.831829754876324, -4.980387675646243, 8.6235367068267, 1.3295411796153556
sphere_small.urdf, 40.39133044239033, 7.3576770639110975, 0.30610677655973806, 0.12290145053874117
sphere_small.urdf, 19.927692706964095, 3.644494594885245, 1.3337890601336433, 1.9218700872365975
sphere_small.urdf, 7.646058275183103, 8.206326129293767, 3.810087743906687, 0.4061614198812218
sphere_small.urdf, 58.729768802304584, -9.469259172071794, 8.907762745958062, 2.4237955846621513
sphere_small.urdf, 50.719508841967865, 4.585198137336965, 7.54648480499614, 2.6661385819699603
sphere_small.urdf, 2.802251105127256, 7.96356934549765, 4.880083721542967, 1.2376408849925944
sphere_small.urdf, 17.48573603239667, -6.195882415232397, 9.45250953842811, 0.9705606124913533
sphere_small.urdf, 18.577934698321876, -0.4945969949435245, 3.4858232592442495, 0.4345407171564387
sphere_small.urdf, 8.169735710884353, 0.20616178717788713, 2.5659653403207794, 2.473632716892935
sphere_small.urdf, 55.37879528749188, -5.669357109232216, 7.889285833802168, 2.9040440936869065
sphere_small.urdf, 30.560936996207676, 9.826090763671207, 3.2583134326638574, 0.644066141087465
sphere_small.urdf, 3.884886918632975, 8.29931031177636, 3.5386713920188884, 1.3372991108693544
sphere_small.urdf, 23.29343675681597, -0.13894920297746083, 6.060165684941968, 2.1906215531159825
sphere_small.urdf, 50.45463337139635, 5.3336151897504624, 2.111931747663328, 1.8349588256078078
sphere_small.urdf, 35.93856406468306, -0.9473665827939026, 7.0633680417236935, 1.9373920125937734
sphere_small.urdf, 56.25988796052946, 2.1433436337197183, 4.493533126663608, 0.9913161735064511
sphere_small.urdf, 47.89525423911756, 6.948726400362538, 6.41234295695729, 0.2779122657077423
sphere_small.urdf, 16.137110675253496, 3.6344762103813295, 7.594552640438371, 0.4913586066881974
sphere_small.urdf, 23.231807328487708, -2.673869426704359, 4.155046691042753, 2.6631409372188277
sphere_small.urdf, 15.299576717921052, -6.298983777123082, 4.893523983392321, 2.462389866715415
sphere_small.urdf, 43.83655223464119, 3.0462307213071966, 1.4135655607054942, 2.852497051110216
sphere_small.urdf, 18.361221717075708, 7.491993502512976, 0.06632597442421839, 0.5275149275124271
sphere_small.urdf, 50.02674193165045, -4.3603615577843176, 6.448746136919835, 1.428568471115244
sphere_small.urdf, 9.681577455660495, -7.331000927360165, 2.4938761411505994, 2.580684743463938
sphere_small.urdf, 16.85195363900075, -2.661578014440842, 4.140086307404497, 1.5265687580974465
sphere_small.urdf, 56.324367621990405, -3.121193989377284, 5.182867042398557, 0.4820582976485601
sphere_small.urdf, 18.081054236271488, 1.8638430615137906, 8.400414963095827, 1.8737432494480193
sphere_small.urdf, 16.400483010837785, -0.8174953426779279, 9.21483577358764, 0.9272174379099385
sphere_small.urdf, 23.45095501240446, 4.674844212778222, 1.8535267865347238, 0.491125079412299
sphere_small.urdf, 47.20301779244731, 7.711147112461955, 2.9710758294146435, 0.7676128386432916
sphere_small.urdf, 6.692027886011143, 3.645614496599382, 4.880647013822314, 2.3186302337835074
sphere_small.urdf, 45.080431581778186, -6.161202096106331, 9.117300207749143, 1.8581937359008167
sphere_small.urdf, 22.043564656336137, -6.3651115740898545, 5.875959357965307, 2.9053153299535914
sphere_small.urdf, 17.231518821490212, -3.672799666158248, 8.399060459021829, 2.1774517015279207
sphere_small.urdf, 5.607984126441554, -2.236220320990297, 8.483147555659814, 0.10703155249209699
sphere_small.urdf, 54.66216265261017, 3.8415563465534053, 6.239436483192392, 2.917627584700769
sphere_small.urdf, 15.642333953743329, 6.21925779988841, 2.8978516242371, 1.2221762905735452
sphere_small.urdf, 16.355924429151084, 6.438771360346042, 0.034212602276352255, 0.2028619050306647
sphere_small.urdf, 11.584829920984498, 7.9989350345816135, 9.984276225113488, 0.1609451533950931
sphere_small.urdf, 43.57285130802568, -4.981764868363767, 4.212119761965115, 0.3415344875620018
sphere_small.urdf, 6.470745606065296, -5.307047098437609, 7.182719142377595, 2.426337249723412
sphere_small.urdf, 57.905521037883766, -6.727773958178802, 3.0689787118161735, 2.028594706279467
sphere_small.urdf, 24.725789593676677, 7.259264488101749, 9.474165867009122, 1.7271537639049845
sphere_small.urdf, 30.852981437985186, -4.300722827391432, 8.48158676087769, 0.5875445021551178
sphere_small.urdf, 6.309530705152202, -0.4603276721431868, 4.927125923963395, 2.499206510867909
sphere_small.urdf, 53.04926966440212, 1.2978118022531113, 1.4440285944007902, 1.8862364228395916
sphere_small.urdf, 34.37681670775488, 8.109025300304179, 7.9803226506844, 1.8579055569128629
sphere_small.urdf, 10.60369796703191, 4.196457577501057, 4.246156713233807, 1.050873224941048
sphere_small.urdf, 37.639092592783065, 9.96082062610806, 2.5172536363330678, 0.6444713266757454
sphere_small.urdf, 28.329948345121835, 8.602445672801267, 3.489940984520806, 0.6819523865805344
sphere_small.urdf, 30.93365742915151, 4.801901763541984, 1.9964982555554123, 1.781392630180294
sphere_small.urdf, 21.947808128083313, 0.381253273738821, 5.283382445788826, 0.8210677463204988
sphere_small.urdf, 32.45697916919359, -9.294467299073801, 4.070514766008062, 0.24057017954991422
sphere_small.urdf, 32.681179403919316, 8.290220495022162, 9.689457288521531, 1.4745392837095195
sphere_small.urdf, 48.75103519478125, -8.158346431213966, 6.960839025872315, 2.805245917606189
sphere_small.urdf, 35.81809033625006, -7.064454560992535, 0.8477959859884865, 2.889438045200643
sphere_small.urdf, 48.43141002732902, 7.0087184695566584, 4.597452869051018, 2.678466674154382
sphere_small.urdf, 16.295970798205943, 4.535060689332433, 3.930718275375895, 0.7329552785506779
sphere_small.urdf, 12.46223862554978, 7.338366532583208, 3.4605074540006475, 2.133746333933523
sphere_small.urdf, 13.140664269238187, -7.448155193086845, 0.25765917957048523, 0.76807995588147
sphere_small.urdf, 21.139478537426257, 9.904811514992723, 4.80295738539687, 1.9799657322416655
sphere_small.urdf, 37.06583256161662, 0.8519429544751826, 2.326725957656816, 0.8466838205302453
sphere_small.urdf, 20.91595180510634, 8.698212230749686, 5.815951726826432, 1.7449036759028973
sphere_small.urdf, 21.00039964091141, 0.6097783008315112, 1.5088679469463695, 1.733910645835516
sphere_small.urdf, 57.05129059747329, -7.850103296129163, 2.5337451774485444, 2.8633179130889794
sphere_small.urdf, 7.034999801949901, -0.8323320573772186, 0.4190771645771829, 0.7099110573223193
sphere_small.urdf, 8.542078132104638, 4.0799266021434235, 6.602185271844241, 0.6598624103133567
sphere_small.urdf, 5.047990834461881, 3.6770889367189685, 1.6529303895655334, 1.8319113003532668
sphere_small.urdf, 51.8248563389935, -9.182945355660747, 4.178873118369381, 2.466512909695095
sphere_small.urdf, 5.915467640195842, 0.9739687635727616, 4.971366478148256, 1.0122193588943504
sphere_small.urdf, 17.595850938906214, 5.873752210028048, 1.508794598488784, 2.5401649510947557
sphere_small.urdf, 38.96432579346745, -4.207671737663075, 1.8518242656656592, 2.552695306848282
sphere_small.urdf, 55.11203698244096, 2.000035292863103, 6.262951342618571, 1.5253765062389095
sphere_small.urdf, 18.787300152460663, 8.576690366533775, 2.843534021536268, 0.7412333535681617
sphere_small.urdf, 3.077452341479887, 8.436442743506436, 2.865065281766519, 2.410535254763807
sphere_small.urdf, 44.835613273103, -2.8363886091328467, 8.936836435297014, 2.142368306676825
sphere_small.urdf, 1.6213484968324798, -1.110084002667227, 8.392481694207893, 1.4250198678975052
sphere_small.urdf, 55.87037825080335, 1.4851501456655178, 2.638217349141667, 0.16062132005890248
sphere_small.urdf, 19.500096086993693, 5.6510363693000905, 9.07041267169759, 2.8840054700960374
sphere_small.urdf, 17.768511052223648, 3.1885943913604606, 7.2309855377589525, 0.6871020317665089
sphere_small.urdf, 15.818832704467422, 3.005743553959574, 2.6348187434430557, 1.5526845888492131
sphere_small.urdf, 25.164011639687565, -8.34196855729868, 4.100353492600788, 1.6838895584600932
sphere_small.urdf, 17.877560974905403, 0.16860895687906563, 6.589502777168209, 0.3481372452228642
sphere_small.urdf, 39.89422961059143, -0.06569420478204435, 9.702719992435107, 1.6222857601369258
sphere_small.urdf, 2.7854492881602555, -8.085980232754293, 4.6972420256360525, 1.1679736430533225
sphere_small.urdf, 14.735891023068245, 8.165196197318327, 7.705808926769665, 1.695875139740367
sphere_small.urdf, 23.448988883754446, 6.607806819444182, 0.8700147542128844, 2.8243712870632915
sphere_small.urdf, 13.584334987124455, -7.91627962392046, 1.7024858810280608, 1.3403192125211119
sphere_small.urdf, 42.0816872759826, 7.02264659844402, 8.050811455934499, 2.027953301593185
sphere_small.urdf, 46.32703079422766, -6.686474641071869, 5.177476156867765, 2.467948562062792
sphere_small.urdf, 23.775049753199355, 0.4934604151320485, 4.342193780441617, 2.7585450812001784
sphere_small.urdf, 20.563778041023262, 9.532319808017114, 8.514216095624127, 1.5687056459588011
sphere_small.urdf, 37.11676440073597, 7.895423828194435, 5.818497953768159, 0.1732542305214549
sphere_small.urdf, 46.832609503527515, -6.391396155154913, 1.9016913545890834, 0.22128347854668978
sphere_small.urdf, 57.247624831924384, 9.149596691544907, 9.906940571394877, 0.2812357654895652
sphere_small.urdf, 50.27619199289523, -8.196761873290505, 9.583610790540055, 2.3357250833223504
sphere_small.urdf, 24.4663525650676, -9.09586211614393, 1.1805753488935589, 2.7719150192798394
sphere_small.urdf, 34.48340357847131, -2.496213290761327, 9.54527850300563, 0.8159081905909816
sphere_small.urdf, 31.09624341188485, -9.376299578527341, 2.5834871830271666, 2.6823434009245055
sphere_small.urdf, 32.44594200983401, -5.323094799053132, 6.660741181185442, 1.8129680154666024
sphere_small.urdf, 38.32420526885203, 7.399939473636973, 2.8110984843639275, 0.3652186841886723
sphere_small.urdf, 27.09487692157467, 1.9668432517911771, 4.40117309431707, 2.1113158046878793
sphere_small.urdf, 39.54397629908679, -0.02939627455150884, 6.920985017692462, 2.3040325869880207
sphere_small.urdf, 23.387427622142326, 7.166324584531939, 6.833172692016802, 0.4202637102618195
sphere_small.urdf, 15.607304034939958, 2.6677346757078357, 7.415879559919972, 1.90364036230513
sphere_small.urdf, 8.868446117717856, 0.7182374603019603, 2.142191845958652, 1.153305970113494
sphere_small.urdf, 4.381371071885596, -4.284128300632906, 6.680277941211251, 2.6975998090578006
sphere_small.urdf, 13.927847588196274, 2.194332338593835, 6.752610379668072, 1.1106945672975517
sphere_small.urdf, 12.862573093313767, -6.981339865726546, 3.7420312031152902, 0.6220037621718127
sphere_small.urdf, 2.2640798753678837, 7.218710018153242, 2.477851224394021, 1.8645726706084451
sphere_small.urdf, 38.209409112370956, 6.993676838434222, 3.5232907627603263, 1.1902565728800067
sphere_small.urdf, 38.05754573388677, -0.2203171030418627, 7.727223029942344, 1.0045221636572117
sphere_small.urdf, 36.18767631600333, -9.070813789701234, 5.38525676120874, 0.6363318813222391
sphere_small.urdf, 42.280101163102536, 2.963395660303142, 1.1492332781168602, 2.681951412428542
sphere_small.urdf, 45.56018121478391, -1.8267559615630304, 1.8335099835481172, 2.053624763101995
sphere_small.urdf, 10.680914564138957, -0.7953310766312001, 5.010609419315535, 1.656357749954894
sphere_small.urdf, 42.59331406151182, -8.60565897882741, 1.7615007581393605, 0.4942127240592762
sphere_small.urdf, 10.720572217737365, 2.566826796059246, 7.17577407425678, 1.9613045898257326
sphere_small.urdf, 43.578231688527595, 7.168461473572034, 3.7467375439510873, 2.8649207893358937
sphere_small.urdf, 36.21539222692794, -7.883559004121345, 6.587380191923106, 0.6334932742648199
sphere_small.urdf, 49.885426383375716, -2.8474313339860817, 3.693353583741138, 0.9253283553643448
sphere_small.urdf, 48.37252829953901, 4.498045366859051, 3.015276643660192, 2.2775877950819465
sphere_small.urdf, 25.889709942923403, -7.010557622491427, 1.1658117616421038, 1.1087320836485695
sphere_small.urdf, 14.550890055198899, -9.066205224380294, 7.978515545178844, 0.6841073808517989
sphere_small.urdf, 23.128744647026032, 2.610663779183259, 6.598848131285484, 1.3031039060527367
sphere_small.urdf, 27.749265177861496, 9.064683811331577, 4.380137974121283, 0.6030480083475539
sphere_small.urdf, 39.551375401097225, -8.03023672687047, 3.0878920861020265, 2.7542441230834367
sphere_small.urdf, 20.87614457393981, -0.9090119000856021, 4.462736026915737, 0.7583297517694725
sphere_small.urdf, 59.35598840321012, 7.166944652609935, 0.9095006223375413, 0.3703133792719363
sphere_small.urdf, 48.2883409205806, 7.306877284227962, 5.57088138401865, 0.12249136788620231
sphere_small.urdf, 5.498129266947447, 2.3351391569448214, 8.353067809749898, 2.9181380258761402
sphere_small.urdf, 43.58030945831953, -3.9931328957502483, 8.558868713509858, 1.5690454462395131
sphere_small.urdf, 20.19668700798715, 2.6791173327286284, 0.43098486792152113, 1.4767963003508835
sphere_small.urdf, 29.685070697040675, -2.342235073329264, 7.800829827700597, 1.0248303203897544
sphere_small.urdf, 2.9842248798850313, -2.615154969472182, 7.542707328166585, 2.9737063336123235
sphere_small.urdf, 31.05770914571863, -5.5870822341154796, 9.123674108401584, 2.3709622822580974
sphere_small.urdf, 59.23959211806076, -3.140797117464638, 3.92766555436163, 1.7604775812093238
sphere_small.urdf, 12.772222701190161, 4.374915533488263, 3.911585356126496, 0.31622427373585427
sphere_small.urdf, 0.9993652700555256, -8.140033737735966, 5.6025043182552094, 0.2580208845589814
sphere_small.urdf, 19.06789625438782, 0.7831863771338394, 5.82371964632646, 1.0065498861240667
sphere_small.urdf, 57.280948291947745, 1.1656800188688905, 8.066857882055569, 1.6224586384881574
sphere_small.urdf, 58.4362136655784, 7.132268953806321, 5.0460799055517995, 1.5460084919890063
sphere_small.urdf, 0.4138958207898691, 8.751397669148965, 7.650539862290719, 1.504284412473441
sphere_small.urdf, 26.182644377168444, 5.871060417703262, 8.254378515900614, 1.0213306583742
sphere_small.urdf, 24.95797567241806, -3.210230923195134, 6.951196633137595, 0.711136366444021
sphere_small.urdf, 59.22620814659084, -7.132072405670629, 7.348504017722198, 1.9048412339698377
sphere_small.urdf, 44.19459322665969, -3.439488976287633, 9.579741918980865, 1.340231016351709
sphere_small.urdf, 27.13398670220603, 9.522831898473957, 1.9685247201167055, 1.8522748919799077
sphere_small.urdf, 17.652078718815627, 6.146749795993333, 6.768631829648601, 2.6099033803808056
sphere_small.urdf, 41.93456705601094, -6.062103296229264, 1.7064894838054123, 1.1972687442220236
sphere_small.urdf, 16.94883490745687, -3.238119514457569, 9.787185968599308, 0.5874795830134628
sphere_small.urdf, 53.35333926938616, 1.193129882426767, 9.92436220431909, 0.7118136304966756
sphere_small.urdf, 12.293647368864207, 7.406993294335852, 6.845677763365109, 1.6277473260045532
sphere_small.urdf, 32.80529067917119, -3.1236510324485174, 2.5974367214802516, 2.5042658801366544
sphere_small.urdf, 47.84350837794406, -0.08517345522899511, 1.5987866345298352, 1.209644476068708
sphere_small.urdf, 45.654783297860526, 3.459138980078368, 8.551458090140653, 2.3385468788222687
sphere_small.urdf, 31.864010510205127, -3.6850654848994573, 5.8215980286825975, 0.9094967012411275
sphere_small.urdf, 55.353111603030875, 2.449603765418523, 7.986109861320121, 0.7664977183423658
sphere_small.urdf, 58.85608546684973, 2.279000580346045, 5.365385574567841, 0.22973083011101458
sphere_small.urdf, 4.0047755202045865, -8.8151781798039, 4.852364603814996, 2.499882121224292
sphere_small.urdf, 4.947766970072394, -6.476021128372844, 2.745007850541085, 0.16228484653721537
sphere_small.urdf, 39.69773206362174, 1.4097312915911324, 7.439389496193934, 0.7994176851411945
sphere_small.urdf, 24.749687854661687, 7.249931831849821, 6.890055809716128, 1.1257405794032387
sphere_small.urdf, 51.23777000286226, -9.961739931574478, 1.0858933485956745, 0.2518007021154909
sphere_small.urdf, 4.26524689573127, 6.559103313104952, 2.338288975181454, 2.5056821453685525
sphere_small.urdf, 12.911921542447356, 0.4220977567543738, 4.926119309166306, 2.4329252394505283
sphere_small.urdf, 44.04783374111306, -4.157611131854313, 4.208688608356112, 1.26676177812449
sphere_small.urdf, 56.701142834975755, -7.435454269800424, 9.479718963116541, 0.5948736185849017
sphere_small.urdf, 0.2932752678435735, -7.500046408729899, 7.70963981835088, 2.1045659086390174
sphere_small.urdf, 44.49999134111438, 8.285629297696161, 3.9777630347643456, 1.861569508117995
sphere_small.urdf, 10.768066966805128, -1.236741913408073, 7.761770632514002, 2.0820030929044653
sphere_small.urdf, 14.439102078376234, -0.17642449763737744, 2.7105663729479046, 0.4922241191919662
sphere_small.urdf, 21.46557764199451, -0.8148788692061473, 6.770295208801941, 1.2531061411493445
sphere_small.urdf, 38.552024248035764, 4.865254605656586, 5.140055158584866, 0.7475525051668556
sphere_small.urdf, 23.48146440338141, -6.59916868063938, 5.947854025667942, 2.3260105770329704
sphere_small.urdf, 37.985976729325216, -6.527177347181694, 7.975315873043049, 2.8547825591730094
sphere_small.urdf, 52.81016807092575, -3.2055367434511473, 3.3237787526519433, 1.7494086161128015
sphere_small.urdf, 57.57005586509176, 7.453413302695907, 1.6566650529895732, 1.279217810961589
sphere_small.urdf, 51.35399911434962, 6.262587003236078, 7.04892290551966, 1.542342382820833
sphere_small.urdf, 58.14326274900431, 7.646444916461597, 5.803680451200677, 1.9686444671122052
sphere_small.urdf, 26.959857490829265, 6.911891606930176, 6.281058860958045, 0.9409247461515825
sphere_small.urdf, 4.823814166789915, -4.364584468895673, 3.2469145145488962, 2.56231671817199
sphere_small.urdf, 55.251824920378226, 3.260227423809585, 8.489959789538556, 1.3390792969179133
sphere_small.urdf, 43.57386880251572, 0.02491937841442038, 0.015364570729913263, 1.3855744979053752
sphere_small.urdf, 23.343253642590483, 2.884375831726107, 7.910953666512768, 1.7703507200147452
sphere_small.urdf, 24.49966962085021, -0.5321899377711592, 8.798994999582618, 2.6514839163444566
sphere_small.urdf, 13.398462822716755, 0.9995701371938832, 1.4017462814685877, 2.2969533868131493
sphere_small.urdf, 56.86909858160558, 3.7729864509845594, 7.115970012246301, 2.4011299274856808
sphere_small.urdf, 1.2045678257684256, -3.3274993042761984, 2.370449487383847, 0.33486945251322
sphere_small.urdf, 34.75463213922269, -1.9896847093746572, 6.669082656267992, 2.3659245995093925
sphere_small.urdf, 39.57725140589824, 4.947757002354635, 1.5030294318119841, 2.698903883514922
sphere_small.urdf, 38.88660120089573, -7.040459849927993, 8.189893172262021, 2.5439705265092325
sphere_small.urdf, 50.57842890905056, -0.6445468723170151, 7.204510455471452, 1.5411159619354287
sphere_small.urdf, 12.3215484348604, -8.323014665930351, 1.4265636108637514, 0.9891644596897796
sphere_small.urdf, 34.119380311632185, -1.4850122525305842, 7.8946191749899715, 1.1656016245960985
sphere_small.urdf, 33.317508585083374, 1.5223387881430277, 3.356158918879961, 1.2842401396034309
sphere_small.urdf, 11.86642048536623, -5.913343832875375, 5.367838819320589, 0.6903808947783926
sphere_small.urdf, 26.931164724657425, 0.11503772355662178, 0.7852406940135781, 1.2307861721219946
sphere_small.urdf, 55.12994247390136, 0.8023735480787426, 4.280788073380286, 0.9560768039072026
sphere_small.urdf, 56.60680010875482, 1.1776652154004434, 6.29587834230699, 0.20121532840761464
sphere_small.urdf, 39.61333898477102, -0.2638489826248964, 8.396160983158271, 0.7922277966560489
sphere_small.urdf, 27.451901522638888, -3.3818950154964345, 3.7324318363758935, 2.7586850166983217
sphere_small.urdf, 14.428203270989297, 8.659193763490116, 9.15136710643621, 2.2503501243461774
sphere_small.urdf, 29.142487849016366, 1.3082485918217817, 9.130575228158712, 2.3917527316999583
sphere_small.urdf, 55.82389069949334, -0.5140336207718814, 5.76331248570815, 0.38995018082059707
sphere_small.urdf, 23.814686050697706, -1.990937776246959, 1.4639504959807992, 0.10933271451156029
sphere_small.urdf, 36.413233504980134, 4.515261218730512, 7.313966690466156, 2.4231401144770555
sphere_small.urdf, 25.43873121365136, -3.782881775593623, 1.7052180290135188, 2.7613693347889976
sphere_small.urdf, 28.225377012760553, -7.120443535815067, 5.609771736455995, 1.5930900837687878
sphere_small.urdf, 2.0113742215661867, -1.2643966590599334, 7.715934580445464, 0.4455676925280633
sphere_small.urdf, 46.488769189129584, -1.7539933384837418, 2.9477569370334167, 1.0332098381850967
sphere_small.urdf, 7.713359221714098, -9.381182350299666, 4.189584407439043, 1.3820443400268116
sphere_small.urdf, 26.926617879189678, -2.0050373608672505, 2.946208647819868, 0.5809978387156998
sphere_small.urdf, 42.77213076552738, 1.3404504135091795, 1.1764169501807464, 2.294655541481353
sphere_small.urdf, 41.478570098658935, 1.0844702652940974, 7.4876327411407075, 1.9556405039939593
sphere_small.urdf, 40.19554076023853, 6.111549186776969, 6.999001392479282, 1.1416769563415683
sphere_small.urdf, 56.78819066383914, 7.335619278686245, 5.613175593760693, 2.4749814058042485
sphere_small.urdf, 14.857870488976063, -9.844957643223207, 1.1126794258687067, 2.068584560942131
sphere_small.urdf, 44.96859972417117, -1.1250004331969077, 6.592421970159167, 1.0867376169345053
sphere_small.urdf, 57.44446447722023, -9.374376052686205, 6.588271959938342, 0.44924541063285206
sphere_small.urdf, 38.30233538875139, 8.66360457276674, 2.031011847275259, 1.059142655754595
sphere_small.urdf, 55.68927379400606, -0.951953668105233, 4.644556190662109, 0.6017278423129259
sphere_small.urdf, 22.573449650353425, 1.160378488389016, 9.917013743112546, 1.592763453876887
sphere_small.urdf, 48.16500874207225, -4.115101652414291, 3.565843318176889, 1.416195710361379
sphere_small.urdf, 43.34443504541365, 2.6122663023854713, 5.059281096607808, 0.16967315399249475
sphere_small.urdf, 51.36578857570669, -4.42196338292002, 3.654925702238405, 2.4500927339714162
sphere_small.urdf, 44.23447339490684, -6.062933862626592, 0.31021435202952863, 1.651062514393931
sphere_small.urdf, 32.559479212266446, -1.5437626853893107, 7.075499042855031, 1.5724091535939058
sphere_small.urdf, 54.71865428162023, -5.464474160692663, 7.466639406968676, 0.5456964021477373
sphere_small.urdf, 28.550801151249946, -4.2029351318807, 3.181528335919287, 0.20982353718464647
sphere_small.urdf, 39.626420381150005, -4.680413097959848, 1.4425531905293754, 1.3913481138935446
sphere_small.urdf, 48.3517786984715, 1.53810174878533, 4.459788733975368, 2.0051594762188167
sphere_small.urdf, 11.982200740478731, 7.234825913122364, 9.039772817400886, 2.805555544621131
sphere_small.urdf, 11.844017849565127, 0.8245919147681864, 7.5332665955747515, 0.2030754546808673
sphere_small.urdf, 49.152601296005756, 7.665407405453298, 4.173575178390761, 1.0591485857468108
sphere_small.urdf, 44.308913654334205, -5.875345476626794, 7.4507579659267495, 1.238676052759853
sphere_small.urdf, 53.329246899309545, -2.1862202068714858, 4.332547484085778, 0.5126322370900604
sphere_small.urdf, 41.35160455603987, -4.406272534643298, 9.982863278481457, 1.7029677432214971
sphere_small.urdf, 54.94758045812483, 5.230598513008122, 8.205805177028207, 0.884774859767263
sphere_small.urdf, 59.240261408775865, 4.035864458362241, 3.163583865276781, 2.5011344829536655
sphere_small.urdf, 40.18874534361807, 2.2599702725638515, 1.317143513461736, 1.2834233696824981
sphere_small.urdf, 52.27429157633167, 8.988872091113272, 7.813549691963978, 0.501257649717492
sphere_small.urdf, 46.21596379488305, -9.1703941688816, 9.969861867472222, 1.6782422134141872
sphere_small.urdf, 58.66441634347167, 6.10398984133942, 1.989833352544218, 1.0391935143144126
sphere_small.urdf, 53.03246175691048, -7.8698146609753605, 5.9911335687374905, 0.2780764190269215
sphere_small.urdf, 59.38767423530027, 4.983069107399077, 3.733577313292801, 2.5807518939554255
sphere_small.urdf, 54.076311959189056, 0.6317078024781164, 8.712155371471852, 0.2861561665277591
sphere_small.urdf, 50.183141275182706, -5.693327416611891, 2.4893354347062333, 1.9387204149450779
sphere_small.urdf, 59.861920551257356, -8.717325074694921, 6.487178820961056, 0.4426480610716951
sphere_small.urdf, 56.28575390023484, -5.441406526296191, 7.815780897753166, 2.8175827336394326
sphere_small.urdf, 55.201601574042876, -3.5113995825862716, 0.9676644989619188, 1.957516094725615
sphere_small.urdf, 48.895501222350184, 1.321517665170397, 9.106121706876229, 2.7877458309836287
sphere_small.urdf, 40.40971807923422, -3.1774286439509636, 9.908961028901528, 1.114285638934538
sphere_small.urdf, 46.032404521773984, -7.020782876034355, 0.28510813624972653, 0.45486329529048697
sphere_small.urdf, 53.093460383654005, 1.628947596304645, 6.928502830354075, 0.7277305107511897
sphere_small.urdf, 59.96142193577444, 4.467029527973178, 3.8772468502938615, 2.021859301724108
sphere_small.urdf, 57.790151608424026, 2.6487232700804917, 7.4619263661118, 0.8140932504218076
sphere_small.urdf, 54.04314922099918, -9.244974243714662, 1.0010479796799088, 1.0598716516946736
sphere_small.urdf, 51.09569649797008, 2.8384689011088327, 3.579609716532157, 2.067616738999481
sphere_small.urdf, 47.29224863624647, 2.578502508704636, 0.4029637956097487, 2.0041012818695045
sphere_small.urdf, 54.52769377900099, 2.092573832979843, 5.848400651642958, 1.7584645566089991
sphere_small.urdf, 58.72572322383082, 7.275332760903698, 1.3967990294681443, 0.21037260358033488
sphere_small.urdf, 54.222811107780196, 7.714291511237295, 0.20067166138040826, 2.1975659786359394
sphere_small.urdf, 54.41152505709202, 4.831661466481311, 0.7072726946342722, 1.1476236167858607
sphere_small.urdf, 53.811159036338495, -9.091052024979263, 9.609899553282268, 1.7255296958965305
sphere_small.urdf, 45.82900292398816, -2.6786928544420885, 9.153516058399378, 1.2063481798467894
sphere_small.urdf, 59.06882552643815, -6.6171714750262645, 4.007444026680737, 1.5973662066343675
sphere_small.urdf, 54.33051661876864, 6.153474903157292, 4.780825871062248, 2.509579226660287
sphere_small.urdf, 54.81316063725593, 4.468612933445822, 0.403398053767563, 2.591148795577605
sphere_small.urdf, 40.12128908866383, -5.858643612980909, 7.743650937033204, 1.696513895521873
sphere_small.urdf, 42.65826971742597, -1.7362676741106284, 0.6221966115152167, 1.9336967371471456
sphere_small.urdf, 48.2371402274255, -0.024889408075011943, 4.627606974387323, 1.2618894559816995
sphere_small.urdf, 48.29635996594375, -4.454501957603599, 7.2204542917431045, 2.5123323748107573
sphere_small.urdf, 44.575332295815514, 9.287142631101442, 5.805928028911404, 2.0894173627119996
sphere_small.urdf, 43.65018574538389, 7.434635962894411, 5.618732096771778, 1.2772346878612697
sphere_small.urdf, 54.83234673515055, -8.14291611087727, 8.449424797207609, 0.5377708558785357
sphere_small.urdf, 43.96021485793644, -0.6224799721862073, 3.07820877708794, 1.6837585805430912
sphere_small.urdf, 49.5155183414486, 6.914578993108577, 5.883512738876739, 1.2104407633033556
sphere_small.urdf, 48.76892997250886, 9.651958568370304, 3.9262034567461757, 1.4890174160344865
sphere_small.urdf, 57.52409049902054, -5.348324854054789, 3.9496801870190246, 1.3993821775759354
sphere_small.urdf, 47.448435133619526, -2.943975624900803, 6.416400036977178, 2.7090646296291285
sphere_small.urdf, 48.04698850299552, 2.8207267183009073, 2.955778885714464, 2.3542636557317413
sphere_small.urdf, 52.24378179472697, 1.8416317811903973, 9.880597696780024, 2.200353023511145
sphere_small.urdf, 51.91137775394375, -0.6344015338590303, 0.43198872192892535, 1.6114606797877111
sphere_small.urdf, 53.04741181634496, 8.13677926820397, 6.997535369650208, 0.7039614477815702
sphere_small.urdf, 53.31435291258397, -7.140642615278246, 0.45429972897977566, 0.993632003016618
sphere_small.urdf, 44.522789074336146, 3.8802620085036743, 4.449632778713266, 0.8704112732546799
sphere_small.urdf, 56.31513567002696, 0.5785330767147912, 5.375704267078467, 0.2571467888781398
sphere_small.urdf, 55.935977743538785, -0.703331508609363, 9.501255523241621, 2.9671071863510985
sphere_small.urdf, 53.430494679832876, 0.2494457105902228, 7.979923886244738, 0.4622980549032627
sphere_small.urdf, 40.503747150542765, 6.002327940906007, 1.4058709699718286, 1.8956518588147206
sphere_small.urdf, 41.668473390514244, 2.228636674954643, 8.002151403214894, 0.4276564474952288
sphere_small.urdf, 56.08762720347348, -0.12718603967225128, 2.334653041959449, 1.273353224078003
sphere_small.urdf, 53.604102987094095, 3.1696918668623937, 5.422273927903868, 1.2323012285540051
sphere_small.urdf, 44.35373686437684, 2.1521657951515394, 4.108401929103782, 2.3697323277377857
sphere_small.urdf, 55.51649932117731, -6.150968469010887, 3.3429463149970817, 2.8470580604846902
sphere_small.urdf, 51.22741413783287, 4.084925276170191, 7.5497401895776, 2.8887020724626815
sphere_small.urdf, 47.99228266625726, -3.5341804399554384, 2.9903415009769363, 0.894580788050761
sphere_small.urdf, 49.80209032617111, -8.347201942636548, 0.12285294061361696, 2.328642620165032
sphere_small.urdf, 56.34694058702363, -8.671690458240235, 8.177189340043213, 1.8898296014842264
sphere_small.urdf, 55.26852820250286, 2.5676933097591323, 1.4761841868704406, 1.5424676179590546
sphere_small.urdf, 57.427336091300745, -5.760735691461858, 1.7861555624342385, 1.5491463296671735
sphere_small.urdf, 42.6869675449792, 6.298992281826475, 8.71487654073287, 1.2893025073050326
sphere_small.urdf, 52.835199001278234, 2.3578443642888214, 2.8603479953606668, 0.8221602730649392
sphere_small.urdf, 51.805465440077235, 6.625027292422288, 6.867082734313595, 0.8984756564529249
sphere_small.urdf, 43.2155617795587, 4.171308731409496, 1.8011992137395594, 2.6248788790578854
sphere_small.urdf, 45.75066486748666, -6.968093658858184, 6.533436919089616, 1.2880426519402364
sphere_small.urdf, 45.67684829000159, 9.740073143710077, 5.821454308650812, 1.4401024259797397
sphere_small.urdf, 40.40808404631066, -1.5567539808737063, 6.4808201920337325, 0.8590680000290373
sphere_small.urdf, 43.80617577408118, -1.2376286914486538, 1.1276247894169522, 1.8653172299682255
sphere_small.urdf, 50.219937014013176, -2.564064598277347, 1.5887037460585973, 0.7921250126472494
sphere_small.urdf, 53.54941087201463, -8.491999600537547, 0.7588466777682012, 2.2941263721558602
sphere_small.urdf, 52.43708995936482, -3.286534588345102, 1.8412613070910189, 2.4188045684419426
sphere_small.urdf, 45.441399398446066, 2.183179192456299, 6.809907420768839, 2.9179409082517225
sphere_small.urdf, 40.96292648548179, -9.642168877743869, 0.3824703851259137, 1.4036739926362212
sphere_small.urdf, 44.96454816197346, 2.3476653690957683, 0.9413391655888026, 1.9350041517427776
sphere_small.urdf, 54.719918627992655, -5.904165815290813, 8.393696594854404, 0.5945523424551354
sphere_small.urdf, 42.63088275506101, -2.5248647170095273, 1.1166859451765454, 2.6399933543938303
sphere_small.urdf, 55.07811721740833, -3.504070855193593, 9.822232140655043, 1.6684538546857886
sphere_small.urdf, 56.517554689113496, -9.63861863795336, 0.8905762899337533, 2.8383098214505775
sphere_small.urdf, 40.201411701251686, -3.544892747650213, 2.530219438949999, 0.9604744329579872
sphere_small.urdf, 45.270644152725495, -9.201608160206414, 2.649474330235959, 2.739237567850131